{"Max Avg Retun So far":377.33569264273683,"Avg Step per episode":195.07692307692307,"_timestamp":1.7629130186563313e+09,"Loss actor human":-0.13061676919460297,"Loss critic human":3.831057548522949,"Max Avg Return Epoch":687,"_wandb":{"runtime":1376},"Avg Human Reward per transition":1.6621127076864528,"_step":721,"Num Transition":2536,"Num Episode":13,"Avg Human Effort per episode":324.2398328225265,"_runtime":1376,"Avg Human Return per episode":324.2398328225265}