{"Num Episode":31,"_runtime":21,"Loss critic human":111.11355590820312,"Max Avg Return Epoch":3,"Max Avg Retun So far":150.82299917502837,"Avg Human Reward per transition":1.6515411425029598,"Num Transition":2831,"Avg Step per episode":91.3225806451613,"_wandb":{"runtime":21},"Avg Human Return per episode":150.82299917502837,"Loss actor human":-0.14570370316505432,"_step":2,"Avg Human Effort per episode":150.82299917502837,"_timestamp":1.7629115685779343e+09}